financier_slug,canonical_name,origin,financier_type,url,african
4dx-ventures,4DX Ventures,USA,private,https://www.4dxventures.com,false
absa,Absa,ZAF,private,https://www.absa.africa,true
actis,Actis,GBR,private,https://www.act.is,false
adenia-partners,Adenia Partners,MUS,private,https://www.adenia.com,true
afcfta-adjustment-fund,AfCFTA Adjustment Fund,MULTI,multilateral,,true
afd,Agence Française de Développement,FRA,bilateral-dfi,https://www.afd.fr,false
afreximbank,African Export-Import Bank (Afreximbank),MULTI,multilateral,https://www.afreximbank.com,true
africa-data-centres,Africa Data Centres,ZWE,private,https://www.africadatacentres.com,true
africa-finance-corporation,Africa Finance Corporation,MULTI,multilateral,https://www.africafc.org,true
africa50,Africa50,MULTI,multilateral,https://www.africa50.com,true
africagrow,Mastercard Foundation / AfricaGrow,DEU,bilateral-dfi,,false
african-capital-alliance,African Capital Alliance,NGA,private,https://www.aca-web.com,true
african-development-bank,African Development Bank (AfDB),MULTI,multilateral,https://www.afdb.org,true
african-infrastructure-investment-managers,African Infrastructure Investment Managers (AIIM),ZAF,private,https://www.aiimafrica.com,true
african-startup-fund-algeria,African Startup and Young Innovators Financing Fund (Algeria),DZA,domestic-state,,true
africell-sierra-leone,Africell Sierra Leone,GBR,private,https://www.africell.sl,false
africinvest,AfricInvest,TUN,private,https://www.africinvest.com,true
aiib,AIIB,MULTI,multilateral,https://www.aiib.org,false
airtel-africa,Airtel Africa,IND,private,https://airtel.africa,false
airtel-nigeria,Airtel Nigeria,IND,private,https://www.airtel.com.ng,false
al-mada-ventures,Al Mada Ventures,MAR,private,https://www.almada.ma,true
algebra-ventures,Algebra Ventures,EGY,private,https://www.algebraventures.com,true
alphacode-venture-partners,AlphaCode Venture Partners,ZAF,private,https://www.alphacode.club,true
amazon-web-services,Amazon Web Services,USA,private,https://aws.amazon.com,false
arcep-central-african-republic,ARCEP (Central African Republic),CAF,domestic-state,,true
australia-dfat,DFAT,AUS,bilateral-agency,https://www.dfat.gov.au,false
axian-group,Axian Group,MDG,private,https://www.axian-group.com,true
axian-telecom,Axian Telecom,MDG,private,https://www.axian-telecom.com,true
banco-santander,Banco Santander,ESP,private,https://www.santander.com,false
bank-of-china,Bank of China,CHN,state-owned,https://www.boc.cn,false
bergmans-security-consultants,Bergmans Security Consultants and Supplies Limited,NGA,private,,true
bf-ministry-digital-transition,"Ministère de la Transition digitale, des Postes et des Communications électroniques (Burkina Faso)",BFA,domestic-state,,true
bgk,BGK,POL,bilateral-dfi,https://www.bgk.pl,false
bio-invest,Belgian Investment Company for Developing Countries,BEL,bilateral-dfi,https://www.bio-invest.be,false
bluepeak,BluePeak Private Capital,MUS,private,https://www.bluepeakcapital.com,true
bmz,BMZ,DEU,bilateral-agency,https://www.bmz.de,false
boad,BOAD,MULTI,multilateral,https://www.boad.org,true
bpifrance,Bpifrance,FRA,bilateral-dfi,https://www.bpifrance.fr,false
british-international-investment,British International Investment,GBR,bilateral-dfi,https://www.bii.co.uk,false
budget-office-of-the-federation-nigeria,Budget Office of the Federation (Nigeria),NGA,domestic-state,https://www.budgetoffice.gov.ng,true
cardinalstone,CardinalStone Finance,NGA,private,https://www.cardinalstone.com,true
cassava-technologies,Cassava Technologies,ZWE,private,https://www.cassavatechnologies.com,true
cdc-ci,Caisse des Dépôts et Consignations de Côte d'Ivoire (CDC-CI),CIV,domestic-state,,true
cedsif-mozambique,CEDSIF (Mozambique),MOZ,domestic-state,https://www.cedsif.gov.mz,true
ceiec,Ceiec,CHN,state-owned,https://www.ceiec.com.cn,false
china-citic-bank,China Citic Bank,CHN,state-owned,https://www.citicbank.com,false
china-construction-bank,China Construction Bank,CHN,state-owned,http://www.ccb.com,false
china-development-bank,China Development Bank,CHN,bilateral-dfi,,false
china-eximbank,Export-Import Bank of China (China Eximbank),CHN,bilateral-dfi,http://english.eximbank.gov.cn,false
china-government-unspecified,Unspecified Chinese Government Institution,CHN,bilateral-agency,,false
china-ministry-of-commerce,China Ministry of Commerce,CHN,bilateral-agency,http://english.mofcom.gov.cn,false
commercial-bank-cameroun,Commercial Bank Cameroun,CMR,private,https://www.cbc-bank.com,true
convalt-energy,Convalt Energy,USA,private,https://www.convaltenergy.com,false
convergence-partners,Convergence Partners,ZAF,private,https://www.convergencepartners.com,true
crdi,Crdi,CAN,bilateral-agency,https://idrc-crdi.ca,false
cybastion,Cybastion,USA,private,https://www.cybastion.com,false
cyber-security-authority-ghana,Cyber Security Authority (Ghana),GHA,domestic-state,https://www.csa.gov.gh,true
data-protection-commission-ghana,Data Protection Commission (Ghana),GHA,domestic-state,https://dataprotection.org.gh,true
dcdt-south-africa,Department of Communications and Digital Technologies (South Africa),ZAF,domestic-state,,true
deg,DEG,DEU,bilateral-dfi,https://www.deginvest.de,false
department-of-correctional-services-south-africa,Department of Correctional Services (South Africa),ZAF,domestic-state,https://www.dcs.gov.za,true
department-of-justice-south-africa,Department of Justice and Constitutional Development (South Africa),ZAF,domestic-state,https://www.justice.gov.za,true
department-of-science-and-innovation-south-africa,Department of Science and Innovation (South Africa),ZAF,domestic-state,https://www.dst.gov.za,true
development-partners-international,Development Partners International,GBR,private,https://www.dpi-llp.com,false
dnic-mozambique,DNIC (Mozambique),MOZ,domestic-state,,true
dpsa-south-africa,Department of Public Service and Administration (South Africa),ZAF,domestic-state,https://www.dpsa.gov.za,true
dtic-south-africa,"Department of Trade, Industry and Competition (South Africa)",ZAF,domestic-state,https://www.thedtic.gov.za,true
e-and,e&,ARE,state-owned,https://www.eand.com,false
e-finance-egypt,eFinance for Digital and Financial Investments S.A.E.,EGY,state-owned,https://www.efinance.com.eg,true
eaif,Emerging Africa Infrastructure Fund (EAIF),MULTI,multilateral,https://www.eaif.com,false
ebrd,EBRD (European Bank for Reconstruction and Development),MULTI,multilateral,https://www.ebrd.com,false
eib,European Investment Bank (EIB),MULTI,multilateral,https://www.eib.org,false
enabel,Enabel,BEL,bilateral-agency,https://www.enabel.be,false
equinix,Equinix,USA,private,https://www.equinix.com,false
european-commission,European Commission,MULTI,multilateral,https://commission.europa.eu,false
european-union,European Union,MULTI,multilateral,https://european-union.europa.eu,false
exim-bank-usa,EXIM Bank (Export-Import Bank of the United States),USA,bilateral-dfi,https://www.exim.gov,false
expertise-france,Expertise France,FRA,bilateral-agency,https://www.expertisefrance.fr,false
fao,Food and Agriculture Organization (FAO),MULTI,multilateral,https://www.fao.org,false
findev-canada,FinDev Canada,CAN,bilateral-dfi,https://www.findevcanada.ca,false
finnfund,Finnfund,FIN,bilateral-dfi,https://www.finnfund.fi,false
fmo,FMO,NLD,bilateral-dfi,https://www.fmo.nl,false
fonds-service-universel-tic-burundi,Fonds de Service Universel des TIC (Burundi),BDI,domestic-state,,true
gates-foundation,Gates Foundation,USA,foundation,https://www.gatesfoundation.org,false
gateway-partners,Gateway Partners,ARE,private,https://www.gatewaypartners.com,false
genew-technologies,Genew Technologies,CHN,private,https://www.genew.com,false
ghana-domain-name-registry,Ghana Domain Name Registry,GHA,domestic-state,,true
gi-kace-ghana,Ghana-India Kofi Annan Centre of Excellence in ICT (GI-KACE),GHA,domestic-state,,true
giz,Deutsche Gesellschaft für Internationale Zusammenarbeit (GIZ),DEU,bilateral-agency,https://www.giz.de,false
global-affairs-canada,Global Affairs Canada,CAN,bilateral-agency,https://www.international.gc.ca,false
global-environment-facility,Global Environment Facility (GEF),MULTI,multilateral,https://www.thegef.org,false
global-partnership-for-education,Global Partnership for Education (GPE),MULTI,multilateral,https://www.globalpartnership.org,false
google,Google (Alphabet),USA,private,https://about.google,false
government-of-burkina-faso,Government of Burkina Faso,BFA,domestic-state,,true
government-of-cabo-verde,Government of Cabo Verde,CPV,domestic-state,https://www.governo.cv,true
government-of-china,Government of China,CHN,bilateral-agency,,false
government-of-congo,Government of the Republic of Congo,COG,domestic-state,,true
government-of-france,Government of France,FRA,bilateral-agency,https://www.diplomatie.gouv.fr,false
government-of-japan,Government of Japan,JPN,bilateral-agency,https://www.mofa.go.jp,false
government-of-senegal,Government of Senegal,SEN,domestic-state,https://www.sec.gouv.sn,true
government-of-sweden,Government of Sweden,SWE,bilateral-agency,https://www.government.se,false
government-of-zambia,Government of Zambia,ZMB,domestic-state,https://www.zambia.gov.zm,true
gpx-global-systems,GPX Global Systems,USA,private,https://www.gpxglobal.net,false
green-climate-fund,Green Climate Fund,MULTI,multilateral,https://www.greenclimate.fund,false
greenline-technologies,Greenline Technologies,USA,private,,false
hassan-allam,Hassan Allam,EGY,private,https://www.hassanallam.com,true
helios-investment-partners,Helios Investment Partners,NGA,private,https://www.heliosinvestment.com,true
helios-towers,Helios Towers,GBR,private,https://www.heliostowers.com,false
hewlett-foundation,Hewlett Foundation,USA,foundation,https://hewlett.org,false
home-affairs-south-africa,Department of Home Affairs (South Africa),ZAF,domestic-state,https://www.dha.gov.za,true
huawei,Huawei,CHN,private,https://www.huawei.com,false
hustle-fund,Hustle Fund,USA,private,https://www.hustlefund.vc,false
hydro-link,HYDRO-LINK,USA,private,,false
icbc,Industrial and Commercial Bank of China,CHN,state-owned,,false
idrc,International Development Research Centre,CAN,bilateral-agency,https://idrc-crdi.ca,false
ifc,International Finance Corporation (IFC),MULTI,multilateral,https://www.ifc.org,false
ifu,IFU,DNK,bilateral-dfi,https://www.ifu.dk,false
imf,International Monetary Fund (IMF),MULTI,multilateral,https://www.imf.org,false
inage,INAGE (Mozambique),MOZ,domestic-state,,true
india-exim-bank,India Exim Bank,IND,bilateral-dfi,https://www.eximbankindia.in,false
india-ministry-of-external-affairs,India Ministry of External Affairs,IND,bilateral-agency,,false
indo-aid,Indonesian Agency for International Development (Indo-Aid),IDN,bilateral-agency,,false
ine-mozambique,Instituto Nacional de Estatística (Mozambique),MOZ,domestic-state,https://www.ine.gov.mz,true
information-regulator-south-africa,Information Regulator (South Africa),ZAF,domestic-state,https://inforegulator.org.za,true
infraco-africa,InfraCo Africa,MULTI,multilateral,,false
institute-for-fiscal-studies,Institute for Fiscal Studies,GBR,nonprofit,https://ifs.org.uk,false
internet-society-foundation,Internet Society Foundation,USA,foundation,https://www.isocfoundation.org,false
intic-mozambique,INTIC (Mozambique),MOZ,domestic-state,,true
invest-international,Invest International,NLD,bilateral-dfi,https://investinternational.nl,false
irish-aid,Irish Aid,IRL,bilateral-agency,https://www.irishaid.ie,false
isdb,Islamic Development Bank,MULTI,multilateral,https://www.isdb.org,false
islamic-development-bank,Islamic Development Bank (IsDB),MULTI,multilateral,https://www.isdb.org,false
itu,International Telecommunication Union (ITU),MULTI,multilateral,https://www.itu.int,false
japan,Japan (Government of Japan),JPN,bilateral-agency,https://www.mofa.go.jp,false
jbic,JBIC,JPN,bilateral-dfi,https://www.jbic.go.jp,false
jenny-internet,Jenny Internet,SWZ,private,,true
jica,JICA,JPN,bilateral-agency,https://www.jica.go.jp,false
kfw,KfW Development Bank,DEU,bilateral-dfi,https://www.kfw-entwicklungsbank.de,false
khazna-data-center,Khazna Data Centers,ARE,private,https://www.khazna.ae,false
koica,Korea International Cooperation Agency,KOR,bilateral-agency,https://www.koica.go.kr,false
konecta,Konecta,ESP,private,https://www.grupokonecta.com,false
korea-edcf,Economic Development Cooperation Fund,KOR,bilateral-dfi,https://www.edcfkorea.go.kr,false
korea-ministry-of-foreign-affairs,Korea Ministry of Foreign Affairs,KOR,bilateral-agency,https://www.mofa.go.kr,false
kp-group,KP Group,IND,private,https://www.kpgroup.co,false
launch-africa,Launch Africa Ventures,MUS,private,https://www.launchafrica.vc,true
leapfrog-investments,LeapFrog Investments,GBR,private,https://leapfroginvest.com,false
linkwise-group,Linkwise Group,CHN,private,https://www.linkwise.tech,false
lumitel,Lumitel,VNM,state-owned,https://www.lumitel.bi,false
luxembourg-development-cooperation,Luxembourg Development Cooperation,LUX,bilateral-agency,https://luxdev.lu,false
madica,Madica,USA,private,https://www.madica.vc,false
malaria-consortium,Malaria Consortium,GBR,nonprofit,https://www.malariaconsortium.org,false
mars-growth-capital,Mars Growth Capital,SGP,private,https://www.marsgrowth.com,false
mastercard,Mastercard,USA,private,https://www.mastercard.com,false
mastercard-foundation,Mastercard Foundation,CAN,foundation,https://mastercardfdn.org,false
mcc,Millennium Challenge Corporation,USA,bilateral-agency,https://www.mcc.gov,false
mcgovern-foundation,Patrick J. McGovern Foundation,USA,foundation,https://www.mcgovern.org,false
mediterrania-capital-partners,Mediterrania Capital Partners,ESP,private,,false
meridiam,Meridiam,FRA,private,https://www.meridiam.com,false
meta,Meta Platforms,USA,private,https://about.meta.com,false
microsoft,Microsoft,USA,private,https://www.microsoft.com,false
miga,MIGA,MULTI,multilateral,https://www.miga.org,false
minecofin-rwanda,Ministry of Finance and Economic Planning (MINECOFIN) (Rwanda),RWA,domestic-state,https://www.minecofin.gov.rw,true
ministere-des-finances-et-du-budget-rca,Ministère des Finances et du Budget (République Centrafricaine),CAF,domestic-state,,true
ministere-des-telecommunications-et-du-numerique-senegal,"Ministère de la Communication, des Télécommunications et du Numérique (Sénégal)",SEN,domestic-state,,true
ministere-du-budget-et-du-portefeuille-de-letat-cote-divoire,Ministère du Budget et du Portefeuille de l'Etat (Côte d'Ivoire),CIV,domestic-state,https://budget.gouv.ci,true
ministere-du-budget-rdc,Ministère du Budget (RDC),COD,domestic-state,https://www.budget.gouv.cd,true
ministere-economie-finances-benin,Ministère de l'Économie et des Finances (Bénin),BEN,domestic-state,https://finances.bj,true
ministere-economie-finances-burkina-faso,Ministère de l'Économie et des Finances (Burkina Faso),BFA,domestic-state,https://www.finances.gov.bf,true
ministere-finances-budget-portefeuille-public-congo,"Ministère des Finances, du Budget et du Portefeuille Public (Congo)",COG,domestic-state,,true
ministerio-das-comunicacoes-e-transformacao-digital-mozambique,Ministério das Comunicações e Transformação Digital (Moçambique),MOZ,domestic-state,,true
ministerio-das-financas-angola,Ministério das Finanças (Angola),AGO,domestic-state,https://www.minfin.gov.ao,true
ministry-finance-cabo-verde,Ministério das Finanças e do Fomento Empresarial (Cabo Verde),CPV,domestic-state,https://www.mf.gov.cv,true
ministry-of-communication-digital-technology-and-innovations-ghana,"Ministry of Communication, Digital Technology and Innovations (Ghana)",GHA,domestic-state,https://moc.gov.gh,true
ministry-of-finance-algeria,Ministère des Finances (Algérie),DZA,domestic-state,https://www.mf.gov.dz,true
ministry-of-finance-botswana,Ministry of Finance (Botswana),BWA,domestic-state,https://www.finance.gov.bw,true
ministry-of-finance-budget-and-digital-economy-burundi,"Ministry of Finance, Budget and Digital Economy (Burundi)",BDI,domestic-state,,true
ministry-of-finance-cameroon,Ministère des Finances (Cameroun),CMR,domestic-state,https://www.minfi.gov.cm,true
ministry-of-finance-comoros,"Ministère des Finances, du Budget et du Secteur Bancaire (Comores)",COM,domestic-state,,true
ministry-of-finance-egypt,Ministry of Finance (Egypt),EGY,domestic-state,https://www.mof.gov.eg,true
ministry-of-finance-ethiopia,Ministry of Finance (Ethiopia),ETH,domestic-state,https://www.mofed.gov.et,true
ministry-of-finance-tanzania,Ministry of Finance (Tanzania),TZA,domestic-state,https://www.mof.go.tz,true
ministry-of-foreign-affairs-ghana,Ministry of Foreign Affairs (Ghana),GHA,domestic-state,https://mfa.gov.gh,true
ministry-of-home-affairs-zimbabwe,Ministry of Home Affairs and Cultural Heritage (Zimbabwe),ZWE,domestic-state,,true
ministry-of-ict-postal-and-courier-services-zimbabwe,"Ministry of ICT, Postal and Courier Services (Zimbabwe)",ZWE,domestic-state,https://www.ictministry.gov.zw,true
ministry-of-local-government-ghana,"Ministry of Local Government, Decentralisation and Rural Development (Ghana)",GHA,domestic-state,https://mlgrd.gov.gh,true
mobilis,Mobilis (ATM Mobilis),DZA,state-owned,https://www.mobilis.dz,true
mtn-cameroon,MTN Cameroon,ZAF,private,,true
mtn-ghana,MTN Ghana,ZAF,private,https://www.mtn.com.gh,true
mtn-group,MTN Group,ZAF,private,https://www.mtn.com,true
mubadala,Mubadala Investment Company / Bpifrance Africa Co-Investment,ARE,state-owned,https://www.mubadala.com,false
national-bank-of-malawi,National Bank of Malawi,MWI,private,https://www.natbank.co.mw,true
national-institute-for-health-and-care-research,National Institute for Health and Care Research (NIHR),GBR,bilateral-agency,https://www.nihr.ac.uk,false
national-treasury-kenya,The National Treasury and Economic Planning (Kenya),KEN,domestic-state,https://www.treasury.go.ke,true
netherlands-dgis,Ministry of Foreign Affairs of the Netherlands,NLD,bilateral-agency,https://www.government.nl,false
netherlands-ministry-of-foreign-affairs,Netherlands Ministry of Foreign Affairs,NLD,bilateral-agency,https://www.government.nl,false
new-development-bank,New Development Bank,MULTI,multilateral,https://www.ndb.int,false
nexus-core-systems,Nexus Core Systems,GBR,private,https://nexuscoresystems.com,false
ninety-one,Ninety One,ZAF,private,https://ninetyone.com,true
nita-ghana,National Information Technology Agency (Ghana),GHA,domestic-state,https://nita.gov.gh,true
nomba,Nomba,NGA,private,https://nomba.com,true
norad,Norad (Norwegian Agency for Development Cooperation),NOR,bilateral-agency,https://www.norad.no,false
norfund,Norfund,NOR,bilateral-dfi,https://www.norfund.no,false
norleo-space-investments,Norleo Space Investments,USA,private,,false
norrsken22,Norrsken22,SWE,private,https://www.norrsken22.com,false
novastar-ventures,Novastar Ventures,KEN,private,https://www.novastarventures.com,true
ntra-egypt,"National Telecom Regulatory Authority (NTRA, Egypt)",EGY,domestic-state,https://www.tra.gov.eg,true
oakvale-invest,Oakvale Invest,ZAF,private,,true
omidyar-network,Omidyar Network,USA,foundation,https://omidyar.com,false
opic,Overseas Private Investment Corporation,USA,bilateral-dfi,,false
orange,Orange,FRA,private,https://www.orange.com,false
orange-burkina-faso,Orange Burkina Faso,FRA,private,https://www.orange.bf,false
orange-corners,Orange Corners Innovation Fund,NLD,bilateral-agency,https://www.orangecorners.com,false
orange-egypt,Orange Egypt,FRA,private,https://www.orange.eg,false
orange-sierra-leone,Orange Sierra Leone,FRA,private,https://www.orange.sl,false
pandemic-fund,Pandemic Fund,MULTI,multilateral,https://www.thepandemicfund.org,false
paratus,Paratus Group,NAM,private,https://www.paratus.africa,true
partech,Partech Africa,FRA,private,https://partechpartners.com,false
pepfar,US Dept of Health and Human Services,USA,bilateral-agency,https://www.hhs.gov,false
pepkor,Pepkor,ZAF,private,https://www.pepkor.co.za,true
presidencia-da-republica-angola,Presidência da República (Angola),AGO,domestic-state,,true
proparco,Proparco,FRA,bilateral-dfi,https://www.proparco.fr,false
quona-capital,Quona Capital,USA,private,https://quona.com,false
rand-merchant-bank,Rand Merchant Bank,ZAF,private,https://www.rmb.co.za,true
right-to-information-commission-ghana,Right to Information Commission (Ghana),GHA,domestic-state,,true
rockefeller-foundation,Rockefeller Foundation,USA,foundation,https://www.rockefellerfoundation.org,false
roha,Roha Group,USA,private,https://www.rohagroup.com,false
rura-rwanda,Rwanda Utilities Regulatory Authority (RURA),RWA,domestic-state,https://rura.rw,true
sida,Sida,SWE,bilateral-agency,https://www.sida.se,false
sierra-leone-ministry-of-finance,Ministry of Finance (Sierra Leone),SLE,domestic-state,https://mof.gov.sl,true
sifem,SIFEM,CHE,bilateral-dfi,https://www.sifem.ch,false
societe-generale,Société Générale,FRA,private,https://www.societegenerale.com,false
soff,SOFF,MULTI,multilateral,,false
startup-abuja,Startup Abuja,NGA,domestic-state,,true
statistics-south-africa,Statistics South Africa,ZAF,domestic-state,https://www.statssa.gov.za,true
swedfund,Swedfund,SWE,bilateral-dfi,https://www.swedfund.se,false
sysroad,SYSROAD SA Holding,SEN,private,,true
tdb,Trade and Development Bank,MULTI,multilateral,https://www.tdbgroup.org,true
telkom,Telkom,ZAF,state-owned,https://www.telkom.co.za,true
tell-group,Tell Group,DZA,private,,true
tlcom-capital,TLcom Capital,GBR,private,https://www.tlcomcapital.com,false
trident-digital-tech,Trident Digital Tech Holdings,SGP,private,,false
uk-fcdo,UK FCDO,GBR,bilateral-agency,https://www.gov.uk/government/organisations/foreign-commonwealth-development-office,false
uncdf,UN Capital Development Fund (UNCDF),MULTI,multilateral,https://www.uncdf.org,false
undp,United Nations Development Programme (UNDP),MULTI,multilateral,https://www.undp.org,false
unesco,UNESCO,MULTI,multilateral,https://www.unesco.org,false
unicef,UNICEF,MULTI,multilateral,https://www.unicef.org,false
us-department-of-state,U.S. Department of State,USA,bilateral-agency,https://www.state.gov,false
us-dfc,US International Development Finance Corporation (DFC),USA,bilateral-dfi,https://www.dfc.gov,false
usadf,US African Development Foundation,USA,bilateral-agency,https://www.usadf.gov,false
usaid,USAID,USA,bilateral-agency,https://www.usaid.gov,false
ustda,US Trade and Development Agency,USA,bilateral-agency,https://www.ustda.gov,false
vantage,Vantage Data Centers,USA,private,https://vantage-dc.com,false
village-capital,Village Capital,USA,nonprofit,https://vilcap.com,false
visa,Visa,USA,private,https://www.visa.com,false
vodacom,Vodacom Group,GBR,private,https://www.vodacom.com,false
wingu-africa,Wingu Africa,TZA,private,https://www.wingu.africa,true
world-bank,World Bank,MULTI,multilateral,https://www.worldbank.org,false
yahsat,Yahsat,ARE,state-owned,https://www.yahsat.com,false
yas-tanzania,Yas (Yas Tanzania / Yas Fibre),MDG,private,https://www.yas.co.tz,true
ycell,YCell Company Limited,GMB,private,,true
zimra,Zimbabwe Revenue Authority (ZIMRA),ZWE,domestic-state,https://www.zimra.co.zw,true
zte,ZTE,CHN,state-owned,https://www.zte.com.cn,false
telecel-group,Telecel Group,,private,,
